{"cameraMode":{"drawMode":0,"name":"Shaded","section":"Shading Mode"},"sceneLighting":false,"audioPlay":false,"sceneViewState":{"m_AlwaysRefresh":false,"showFog":true,"showSkybox":false,"showFlares":true,"showImageEffects":true,"showParticleSystems":true,"showVisualEffectGraphs":true,"m_FxEnabled":true},"in2DMode":false,"pivot":{"x":9.738649368286133,"y":5.961362838745117,"z":-0.8347151279449463},"rotation":{"x":0.24268127977848054,"y":0.04509072005748749,"z":-0.011294183321297169,"w":0.9689983129501343},"size":2.2749133110046388,"orthographic":true}