{"cameraMode":{"drawMode":0,"name":"Shaded","section":"Shading Mode"},"sceneLighting":false,"audioPlay":false,"sceneViewState":{"m_AlwaysRefresh":false,"showFog":true,"showSkybox":false,"showFlares":true,"showImageEffects":true,"showParticleSystems":true,"showVisualEffectGraphs":true,"m_FxEnabled":true},"in2DMode":false,"pivot":{"x":-3.6280646324157717,"y":-2.4932632446289064,"z":-23.89794158935547},"rotation":{"x":0.00812294241040945,"y":-0.9917639493942261,"z":0.09790381789207459,"w":0.08230333030223847},"size":14.476841926574707,"orthographic":false}