{"cameraMode":{"drawMode":1,"name":"Wireframe","section":"Shading Mode"},"sceneLighting":false,"audioPlay":false,"sceneViewState":{"m_AlwaysRefresh":false,"showFog":true,"showSkybox":false,"showFlares":true,"showImageEffects":true,"showParticleSystems":true,"showVisualEffectGraphs":true,"m_FxEnabled":true},"in2DMode":false,"pivot":{"x":-8.789321899414063,"y":-11.600589752197266,"z":15.517107009887696},"rotation":{"x":0.2806554138660431,"y":-0.18988195061683656,"z":0.056745823472738269,"w":0.9391298890113831},"size":13.452929496765137,"orthographic":false}