{"cameraMode":{"drawMode":0,"name":"Shaded","section":"Shading Mode"},"sceneLighting":false,"audioPlay":false,"sceneViewState":{"m_AlwaysRefresh":false,"showFog":true,"showSkybox":false,"showFlares":true,"showImageEffects":true,"showParticleSystems":true,"showVisualEffectGraphs":true,"m_FxEnabled":true},"in2DMode":false,"pivot":{"x":1.2874127626419068,"y":-9.778850555419922,"z":-14.945598602294922},"rotation":{"x":-0.0002641133323777467,"y":-0.956224799156189,"z":0.2926546335220337,"w":-0.0008679779130034149},"size":14.350190162658692,"orthographic":false}