{"cameraMode":{"drawMode":1,"name":"Wireframe","section":"Shading Mode"},"sceneLighting":false,"audioPlay":false,"sceneViewState":{"m_AlwaysRefresh":false,"showFog":true,"showSkybox":false,"showFlares":true,"showImageEffects":true,"showParticleSystems":true,"showVisualEffectGraphs":true,"m_FxEnabled":true},"in2DMode":false,"pivot":{"x":-0.005895150359719992,"y":0.002021673135459423,"z":0.0016143769025802613},"rotation":{"x":0.19746170938014985,"y":0.035282645374536517,"z":-0.007111697923392057,"w":0.9796525239944458},"size":2.4073948860168459,"orthographic":false}